-- Query untuk mengisi setiap tabel

INSERT INTO PENGGUNA (username, email, password, nama_depan, nama_tengah, nama_belakang, no_telepon) VALUES
('andi.saputra', 'andi.saputra@gmail.com', 'AndiS@2025', 'Andi', NULL, 'Saputra', '081234567890'),
('citra.adinda', 'citra.surya@gmail.com', 'CitraAdinda#12', 'Citra', 'Adinda', 'Surya', '081234567891'),
('budi.putra', 'budi.putra@gmail.com', 'BudiPutra@77', 'Budi', NULL, 'Putra', '081234567892'),
('eka.fadhilah', 'eka.wulandari@gmail.com', 'EkaFadhilah@2024', 'Eka', 'Fadhilah', 'Wulandari', '081234567893'),
('gina.salsabila', 'gina.maharani@gmail.com', 'GinaSalsabila!01', 'Gina', 'Salsabila', 'Maharani', '081234567894'),
('hadi.wijaya', 'hadi.wijaya@gmail.com', 'HadiW!88', 'Hadi', NULL, 'Wijaya', '081234567895'),
('indah.cahyani', 'indah.cahyani@gmail.com', 'IndahCahyani_07', 'Indah', NULL, 'Cahyani', '081234567896'),
('joko.ahmadi', 'joko.ahmadi@gmail.com', 'JokoA@2023', 'Joko', NULL, 'Ahmadi', '081234567897'),
('kiki.rahmawati', 'kiki.rahmawati@gmail.com', 'KikiR#19', 'Kiki', NULL, 'Rahmawati', '081234567898'),
('linda.ayuningtyas', 'linda.ayuningtyas@gmail.com', 'LindaAyu!2022', 'Linda', NULL, 'Ayuningtyas', '081234567899'),
('mario.baskoro', 'mario.baskoro@gmail.com', 'MarioB#88', 'Mario', NULL, 'Baskoro', '081234568000'),
('nina.roslina', 'nina.roslina@gmail.com', 'NinaR@44', 'Nina', NULL, 'Roslina', '081234568001'),
('opri.kusuma', 'opri.kusuma@gmail.com', 'OpriK_23', 'Opri', NULL, 'Kusuma', '081234568002'),
('putri.anindya', 'putri.anindya@gmail.com', 'PutriA@19', 'Putri', NULL, 'Anindya', '081234568003'),
('qori.amalia', 'qori.amalia@gmail.com', 'QoriA#02', 'Qori', NULL, 'Amalia', '081234568004'),
('raka.maulana', 'raka.maulana@gmail.com', 'RakaM_21', 'Raka', NULL, 'Maulana', '081234568005'),
('sari.febriana', 'sari.febriana@gmail.com', 'SariF_55', 'Sari', NULL, 'Febriana', '081234568006'),
('taufik.nugroho', 'taufik.nugroho@gmail.com', 'TaufikN!17', 'Taufik', NULL, 'Nugroho', '081234568007'),
('udin.susilo', 'udin.susilo@gmail.com', 'UdinS_92', 'Udin', NULL, 'Susilo', '081234568008'),
('vivi.rosdiana', 'vivi.rosdiana@gmail.com', 'ViviR#85', 'Vivi', NULL, 'Rosdiana', '081234568009'),
('wahyu.hidayat', 'wahyu.hidayat@gmail.com', 'WahyuH@18', 'Wahyu', NULL, 'Hidayat', '081234568010'),
('xenia.wulandari', 'xenia.wulandari@gmail.com', 'XeniaW@25', 'Xenia', NULL, 'Wulandari', '081234568011'),
('yusuf.hakim', 'yusuf.hakim@gmail.com', 'YusufH@77', 'Yusuf', NULL, 'Hakim', '081234568012'),
('zara.ramadhani', 'zara.ramadhani@gmail.com', 'ZaraR_66', 'Zara', NULL, 'Ramadhani', '081234568013'),
('adam.fadilah', 'adam.fadilah@gmail.com', 'AdamF@123', 'Adam', 'Fadilah', 'Hakim', '081234568014'),
('bela.rachman', 'bela.rachman@gmail.com', 'BelaR_654', 'Bela', NULL, 'Rachman', '081234568015'),
('chandra.wijaya', 'chandra.wijaya@gmail.com', 'ChandraW@43', 'Chandra', NULL, 'Wijaya', '081234568016'),
('della.mardiana', 'della.mardiana@gmail.com', 'DellaM!32', 'Della', NULL, 'Mardiana', '081234568017'),
('elisa.salsabila', 'elisa.salsabila@gmail.com', 'ElisaS_15', 'Elisa', NULL, 'Salsabila', '081234568018'),
('faisal.akbar', 'faisal.akbar@gmail.com', 'FaisalA_88', 'Faisal', NULL, 'Akbar', '081234568019'),
('gilang.maulana', 'gilang.maulana@gmail.com', 'GilangM@99', 'Gilang', NULL, 'Maulana', '081234568020'),
('hani.putri', 'hani.putri@gmail.com', 'HaniP@44', 'Hani', NULL, 'Putri', '081234568021'),
('iqbal.azhari', 'iqbal.azhari@gmail.com', 'IqbalA!77', 'Iqbal', NULL, 'Azhari', '081234568022'),
('jessica.kirana', 'jessica.kirana@gmail.com', 'JessicaK_33', 'Jessica', NULL, 'Kirana', '081234568023'),
('karina.mahesa', 'karina.mahesa@gmail.com', 'KarinaM_66', 'Karina', NULL, 'Mahesa', '081234568024'),
('lucky.saputra', 'lucky.saputra@gmail.com', 'LuckyS_99', 'Lucky', NULL, 'Saputra', '081234568025'),
('melani.pratiwi', 'melani.pratiwi@gmail.com', 'MelaniP@10', 'Melani', NULL, 'Pratiwi', '081234568026'),
('naufal.hakim', 'naufal.hakim@gmail.com', 'NaufalH_88', 'Naufal', NULL, 'Hakim', '081234568027'),
('akmal.ramadhan', 'akmal.ramadhan@gmail.com', 'AkmalR@01', 'Akmal', NULL, 'Ramadhan', '081234568028'),
('priska.melati', 'priska.melati@gmail.com', 'PriskaM!15', 'Priska', NULL, 'Melati', '081234568029'),
('qonita.salma', 'qonita.salma@gmail.com', 'QonitaS_27', 'Qonita', NULL, 'Salma', '081234568030'),
('reza.hermawan', 'reza.hermawan@gmail.com', 'RezaH#22', 'Reza', NULL, 'Hermawan', '081234568031'),
('santi.kusuma', 'santi.kusuma@gmail.com', 'SantiK@90', 'Santi', NULL, 'Kusuma', '081234568032'),
('tiara.cahyani', 'tiara.cahyani@gmail.com', 'TiaraC_48', 'Tiara', NULL, 'Cahyani', '081234568033'),
('umi.mulyani', 'umi.mulyani@gmail.com', 'UmiM_60', 'Umi', NULL, 'Mulyani', '081234568034'),
('vina.pratiwi', 'vina.pratiwi@gmail.com', 'VinaP!88', 'Vina', NULL, 'Pratiwi', '081234568035'),
('wulan.agustina', 'wulan.agustina@gmail.com', 'WulanA_70', 'Wulan', NULL, 'Agustina', '081234568036'),
('bastian.ramy', 'bastian.ramy@gmail.com', 'BastianR@11', 'Bastian', NULL, 'Ramy', '081234568037'),
('razaki.ken', 'razaki.ken@gmail.com', 'RazakiK_99', 'Razaki', NULL, 'Ken', '081234568038'),
('damar.prana', 'damar.prana@gmail.com', 'DamarP@88', 'Damar', NULL, 'Prana', '081234568039'),
('farhan.nur', 'farhan.hakim@gmail.com', 'FarhanNur_33', 'Farhan', 'Nur', 'Hakim', '081234568050'),
('citra.melati', 'citra.melati@gmail.com', 'CitraM_2025', 'Citra', NULL, 'Melati', '081234568051'),
('dwi.ananda', 'dwi.pratiwi@gmail.com', 'DwiAnanda!88', 'Dwi', 'Ananda', 'Pratiwi', '081234568052'),
('eka.aditya', 'eka.susanto@gmail.com', 'EkaAditya_77', 'Eka', 'Aditya', 'Susanto', '081234568053'),
('fitri.nuraini', 'fitri.nuraini@gmail.com', 'FitriNuraini@44', 'Fitri', NULL, 'Nuraini', '081234568054'),
('gilang.saputra', 'gilang.saputra@gmail.com', 'GilangS@22', 'Gilang', NULL, 'Saputra', '081234568055'),
('hani.salsabila', 'hani.salsabila@gmail.com', 'HaniSalsa@19', 'Hani', NULL, 'Salsabila', '081234568056'),
('indri.fadilah', 'indri.fadilah@gmail.com', 'IndriFadilah!03', 'Indri', 'Fadilah', 'Hakim', '081234568057'),
('joko.maulana', 'joko.maulana@gmail.com', 'JokoMau#45', 'Joko', NULL, 'Maulana', '081234568058'),
('karina.putri', 'karina.putri@gmail.com', 'KarinaP@21', 'Karina', NULL, 'Putri', '081234568059'),
('lucky.firman', 'lucky.firman@gmail.com', 'LuckyF_55', 'Lucky', NULL, 'Firman', '081234568060'),
('melani.amalia', 'melani.amalia@gmail.com', 'MelaniAmalia_99', 'Melani', NULL, 'Amalia', '081234568061'),
('naufal.satriya', 'naufal.satriya@gmail.com', 'NaufalSatriya_88', 'Naufal', NULL, 'Satriya', '081234568062'),
('priska.herlina', 'priska.herlina@gmail.com', 'PriskaHerlina_77', 'Priska', NULL, 'Herlina', '081234568063'),
('qonita.kirana', 'qonita.kirana@gmail.com', 'QonitaKirana@20', 'Qonita', NULL, 'Kirana', '081234568064'),
('adi.susanto', 'adi.susanto@gmail.com', 'AdiS_123!', 'Adi', NULL, 'Susanto', '081234568070'),
('bima.prasetya', 'bima.prasetya@gmail.com', 'BimaP#77', 'Bima', NULL, 'Prasetya', '081234568071'),
('cindy.maharani', 'cindy.maharani@gmail.com', 'CindyM_2024', 'Cindy', NULL, 'Maharani', '081234568072'),
('dwi.ramadhani', 'dwi.ramadhani@gmail.com', 'DwiRama!88', 'Dwi', NULL, 'Ramadhani', '081234568073'),
('eka.nurhaliza', 'eka.nurhaliza@gmail.com', 'EkaNur_55', 'Eka', NULL, 'Nurhaliza', '081234568074'),
('farid.hakim', 'farid.hakim@gmail.com', 'FaridH@44', 'Farid', NULL, 'Hakim', '081234568075'),
('gina.pratiwi', 'gina.pratiwi@gmail.com', 'GinaP_99', 'Gina', NULL, 'Pratiwi', '081234568076'),
('hari.kurniawan', 'hari.kurniawan@gmail.com', 'HariK_17!', 'Hari', NULL, 'Kurniawan', '081234568077'),
('indri.mahendra', 'indri.mahendra@gmail.com', 'IndriM@02', 'Indri', NULL, 'Mahendra', '081234568078'),
('joko.anwar', 'joko.anwar@gmail.com', 'JokoA@09', 'Joko', NULL, 'Anwar', '081234568079'),
('amanda.putri', 'amanda.putri@gmail.com', 'AmandaP@21', 'Amanda', NULL, 'Putri', '081234568080'),
('bobby.maulana', 'bobby.maulana@gmail.com', 'BobbyM_77', 'Bobby', NULL, 'Maulana', '081234568081'),
('citra.anindya', 'citra.anindya@gmail.com', 'CitraA_88', 'Citra', NULL, 'Anindya', '081234568082'),
('david.susanto', 'david.susanto@gmail.com', 'DavidS!01', 'David', NULL, 'Susanto', '081234568083'),
('eka.prasetya', 'eka.prasetya@gmail.com', 'EkaP_02', 'Eka', NULL, 'Prasetya', '081234568084'),
('farah.amalia', 'farah.amalia@gmail.com', 'FarahA#18', 'Farah', NULL, 'Amalia', '081234568085'),
('gilang.satriya', 'gilang.satriya@gmail.com', 'GilangS@09', 'Gilang', NULL, 'Satriya', '081234568086'),
('hana.mabel', 'hana.mabel@gmail.com', 'HaniMabel2_77', 'Hani', NULL, 'Mabel', '081234568087'),
('indra.nugraha', 'indra.nugraha@gmail.com', 'IndraN_22', 'Indra', NULL, 'Nugraha', '081234568088'),
('jessica.rahma', 'jessica.rahma@gmail.com', 'JessicaR@44', 'Jessica', NULL, 'Rahma', '081234568089'),
('bella.nuraini', 'bella.nuraini@gmail.com', 'BellaN@22', 'Bella', NULL, 'Nuraini', '081234568091'),
('chandra.putra', 'chandra.putra@gmail.com', 'ChandraP@33', 'Chandra', NULL, 'Putra', '081234568092'),
('ariq.maulana', 'ariq.maulana@gmail.com', 'AriqM@11', 'Ariq', 'Maulana', 'Malik', '081234568090'),
('dian.mahesa', 'dian.mahesa@gmail.com', 'DianM@44', 'Dian', NULL, 'Mahesa', '081234568093'),
('eka.susanti', 'eka.susanti@gmail.com', 'EkaS@55', 'Eka', NULL, 'Susanti', '081234568094'),
('fajar.wijaya', 'fajar.wijaya@gmail.com', 'FajarW@66', 'Fajar', NULL, 'Wijaya', '081234568095'),
('gina.rachmawati', 'gina.rachmawati@gmail.com', 'GinaR@77', 'Gina', NULL, 'Rachmawati', '081234568096'),
('heri.kurniawan', 'heri.kurniawan@gmail.com', 'HeriK@88', 'Heri', NULL, 'Kurniawan', '081234568097'),
('ika.safitri', 'ika.safitri@gmail.com', 'IkaS@99', 'Ika', NULL, 'Safitri', '081234568098'),
('joni.susanto', 'joni.susanto@gmail.com', 'JoniS@00', 'Joni', NULL, 'Susanto', '081234568099');

INSERT INTO PENGUNJUNG (username_P, alamat, tgl_lahir) VALUES
('andi.saputra', 'Jl. Melati No.1', '1995-05-01'),
('citra.adinda', 'Jl. Mawar No.2', '1992-06-15'),
('budi.putra', 'Jl. Anggrek No.3', '1990-08-10'),
('eka.fadhilah', 'Jl. Flamboyan No.4', '1997-02-19'),
('gina.salsabila', 'Jl. Dahlia No.5', '1993-11-12'),
('hadi.wijaya', 'Jl. Kamboja No.6', '1991-10-08'),
('indah.cahyani', 'Jl. Melur No.7', '1998-01-23'),
('joko.ahmadi', 'Jl. Cempaka No.8', '1985-07-14'),
('kiki.rahmawati', 'Jl. Kenanga No.9', '1987-03-28'),
('linda.ayuningtyas', 'Jl. Teratai No.10', '1989-09-18'),
('mario.baskoro', 'Jl. Kemuning No.11', '1994-03-03'),
('nina.roslina', 'Jl. Teratai No.12', '1986-11-17'),
('opri.kusuma', 'Jl. Flamboyan No.13', '1989-12-09'),
('putri.anindya', 'Jl. Cendana No.14', '1991-04-22'),
('qori.amalia', 'Jl. Mawar No.15', '1987-09-05'),
('raka.maulana', 'Jl. Kenanga No.16', '1998-01-25'),
('sari.febriana', 'Jl. Anggrek No.17', '1990-06-18'),
('taufik.nugroho', 'Jl. Melati No.18', '1992-08-07'),
('udin.susilo', 'Jl. Mawar No.19', '1995-03-30'),
('vivi.rosdiana', 'Jl. Melur No.20', '1993-02-13'),
('wahyu.hidayat', 'Jl. Dahlia No.21', '1988-10-20'),
('xenia.wulandari', 'Jl. Kamboja No.22', '1990-09-11'),
('yusuf.hakim', 'Jl. Flamboyan No.23', '1996-12-12'),
('zara.ramadhani', 'Jl. Kemuning No.24', '1994-05-25'),
('adam.fadilah', 'Jl. Mawar No.25', '1991-07-08'),
('bela.rachman', 'Jl. Teratai No.26', '1992-01-10'),
('chandra.wijaya', 'Jl. Cendana No.27', '1989-06-04'),
('della.mardiana', 'Jl. Kamboja No.28', '1990-08-12'),
('elisa.salsabila', 'Jl. Kenanga No.29', '1997-03-05'),
('faisal.akbar', 'Jl. Anggrek No.30', '1995-05-15'),
('gilang.maulana', 'Jl. Melati No.31', '1992-02-22'),
('hani.putri', 'Jl. Melur No.32', '1991-11-01'),
('iqbal.azhari', 'Jl. Mawar No.33', '1987-04-19'),
('jessica.kirana', 'Jl. Flamboyan No.34', '1985-06-23'),
('karina.mahesa', 'Jl. Dahlia No.35', '1989-09-29'),
('lucky.saputra', 'Jl. Melati No.36', '1990-07-30'),
('melani.pratiwi', 'Jl. Cendana No.37', '1992-12-02'),
('naufal.hakim', 'Jl. Kenanga No.38', '1988-03-14'),
('akmal.ramadhan', 'Jl. Kamboja No.39', '1997-01-11'),
('priska.melati', 'Jl. Mawar No.40', '1995-08-20'),
('qonita.salma', 'Jl. Anggrek No.41', '1993-05-02'),
('reza.hermawan', 'Jl. Teratai No.42', '1996-06-09'),
('santi.kusuma', 'Jl. Cendana No.43', '1989-10-11'),
('tiara.cahyani', 'Jl. Melur No.44', '1991-03-07'),
('umi.mulyani', 'Jl. Dahlia No.45', '1997-07-12'),
('vina.pratiwi', 'Jl. Flamboyan No.46', '1993-09-25'),
('wulan.agustina', 'Jl. Anggrek No.47', '1988-02-03'),
('bastian.ramy', 'Jl. Kalimalang No.30', '1999-12-11'),
('razaki.ken', 'Jl. Tebet Timur No.50', '1999-01-13'),
('damar.prana', 'Jl. Tanjung Barat No.09', '1999-06-16');

INSERT INTO DOKTER_HEWAN (username_DH, no_STR) VALUES
('farhan.nur', 'STR-001'),
('citra.melati', 'STR-002'),
('dwi.ananda', 'STR-003'),
('eka.aditya', 'STR-004'),
('fitri.nuraini', 'STR-005'),
('gilang.saputra', 'STR-006'),
('hani.salsabila', 'STR-007'),
('indri.fadilah', 'STR-008'),
('joko.maulana', 'STR-009'),
('karina.putri', 'STR-010'),
('lucky.firman', 'STR-011'),
('melani.amalia', 'STR-012'),
('naufal.satriya', 'STR-013'),
('priska.herlina', 'STR-014'),
('qonita.kirana', 'STR-015');

INSERT INTO SPESIALISASI (username_SH, nama_spesialisasi) VALUES
('farhan.nur', 'Mamalia Besar'),
('citra.melati', 'Reptil'),
('dwi.ananda', 'Primata'),
('eka.aditya', 'Burung Eksotis'),
('fitri.nuraini', 'Mamalia Besar'),
('gilang.saputra', 'Amfibi'),
('hani.salsabila', 'Mamalia Kecil'),
('indri.fadilah', 'Unggas'),
('joko.maulana', 'Burung Eksotis'),
('karina.putri', 'Primata');

INSERT INTO PENJAGA_HEWAN (username_jh, id_staf) VALUES
('adi.susanto', '357fdac0-ec25-4425-8175-c93173bfe2ec'),
('bima.prasetya', '3265abbf-8b32-4f94-b4f1-b3bb5567bff0'),
('cindy.maharani', '474b5394-a3c0-4c46-b380-bf54be566c9a'),
('dwi.ramadhani', '13a392b4-d649-4639-97aa-30ada692e257'),
('eka.nurhaliza', '81f9e320-a2cd-4371-b95c-3629ad658dc5'),
('farid.hakim', '6474714b-e7d9-4c99-81a4-5f518af58777'),
('gina.pratiwi', '24c1305b-2726-4e4d-bd1e-260d5afdd51f'),
('hari.kurniawan', '7da261cf-c6a7-4997-9e90-1967763ca1d7'),
('indri.mahendra', '0fc17457-fd49-43f9-9100-23da71fc8311'),
('joko.anwar', '3017fa10-e2ac-47cd-932b-17cea7e390ee');

INSERT INTO PELATIH_HEWAN (username_lh, id_staf) VALUES
('amanda.putri', '3e02c96a-b6db-4e03-b8ba-0baf1021eb56'),
('bobby.maulana', 'e02c971b-2aa7-4c6f-96c8-24575cc1d4b7'),
('citra.anindya', '2ee09f1c-8bfe-45aa-856c-ed634893f02e'),
('david.susanto', '23316728-0f34-4fad-ab84-19142785312b'),
('eka.prasetya', '1cf02e80-d544-4d16-ad43-753691a0ea45'),
('farah.amalia', 'f038b4ad-d632-4e52-82a4-39dfca807202'),
('gilang.satriya', '2f6d82c6-8d6a-4623-9368-209fbd1ff817'),
('hana.mabel', '14133ec2-8501-424d-84c3-9796811f6b02'),
('indra.nugraha', 'e0308ea4-9f06-4cab-b40a-f181dddc509d'),
('jessica.rahma', '61a60129-38a4-4383-80b4-c11d8a3a39cd');

INSERT INTO STAF_ADMIN (username_sa, id_staf) VALUES
('bella.nuraini', 'ab284942-4b7c-4f65-b1aa-33b4a77edefc'),
('chandra.putra', '9eb784a8-65b4-4ed2-a940-6d4a7b2910ba'),
('dian.mahesa', '7122d4b8-ff32-4df1-a421-c4853a399678'),
('ariq.maulana', 'a404d027-154b-49a6-bb7a-6a21e686eb5a'),
('eka.susanti', 'c390e167-04e8-4679-ba4d-a4e4149dace9'),
('fajar.wijaya', 'aa73e514-d567-4db1-8fe5-6144c6b116f7'),
('gina.rachmawati', 'f501ee41-0ee9-48d0-b12a-14599a920dcf'),
('heri.kurniawan', 'b718cd49-93f6-4806-a6d5-e55dba908daf'),
('ika.safitri', 'b2293513-a555-4ef1-9f0e-fc850754e4d8'),
('joni.susanto', 'eeee7fc4-a9e2-4c13-bed4-c3192d063a14');

INSERT INTO HABITAT (nama, luas_area, kapasitas, status) VALUES
('Wetlands', 940.58, 90, 'Habitat berair dengan rerumputan air dan kelembapan tinggi.'),
('Tundra', 544.68, 87, 'Wilayah dingin ekstrem dengan tanah beku dan vegetasi rendah.'),
('Savanna', 912.13, 100, 'Padang rumput luas dengan beberapa pohon, iklim tropis kering dan basah.'),
('Rainforest', 736.25, 31, 'Hutan lebat dengan curah hujan dan kelembapan yang sangat tinggi.'),
('Desert', 801.73, 79, 'Wilayah sangat kering dengan suhu ekstrem dan vegetasi minim.'),
('Arctic', 779.28, 25, 'Daerah beku dengan suhu sangat rendah, ditutupi es dan salju.'),
('Coral Reef', 687.11, 45, 'Ekosistem laut tropis dengan air hangat dan biodiversitas tinggi.'),
('Grasslands', 660.16, 92, 'Padang rumput beriklim sedang hingga kering, mendukung flora rendah.');

INSERT INTO HEWAN (id, nama, spesies, asal_hewan, tanggal_lahir, status_kesehatan, nama_habitat, url_foto) VALUES
('6883e846-f894-40be-9282-30c29169e852', 'Leo', 'Singa', 'Afrika', '2018-06-15', 'Sehat', 'Savanna', 'https://media.istockphoto.com/id/1286270203/photo/african-lion-sitting.jpg?s=612x612&w=0&k=20&c=8ULxT0Wm-Hys4DtZO1UQq0E6dFbpaOpjJ3TaOOGOKyU='),
('94fc7265-5f8f-434a-afa0-0c5d5599c21c', 'Nala', 'Singa', 'Afrika', '2019-04-12', 'Sehat', 'Savanna', 'https://media.istockphoto.com/id/1174825604/photo/lion-in-a-zoo.jpg?s=612x612&w=0&k=20&c=sXviOQkbazUK_PAyyJXGKglpEqu3n2lnt3bxC1krC6A='),
('64a42f19-f82e-4a72-ba6f-3d3ff0c5a3c0', 'Koko', 'Kakatua jambul kuning', 'Australia', '2020-02-20', 'Sehat', 'Rainforest', 'https://media.istockphoto.com/id/1471333561/photo/white-cockatoo-or-kakatua-putih.jpg?s=612x612&w=0&k=20&c=foE2zDycJnhcIS9rR6-lV32nOXrydmPns0ErzUCF5dk='),
('6b031fd6-3c95-440e-b308-1f2996d4073c', 'Milo', 'Serigala', 'Kanada', '2017-11-01', 'Luka Ringan', 'Tundra','https://media.istockphoto.com/id/1208811811/photo/canadian-timberwolf.jpg?s=612x612&w=0&k=20&c=nb7hXMZoFc-nS7XR6Z10xSyjIAjVxbVzOWqQegMRkGM='),
('3272477b-4964-4d93-b80a-a3a1027699d7', 'Polly', 'Burung Amazon', 'Brasil', '2021-05-23', 'Sehat', 'Rainforest', 'https://encrypted-tbn0.gstatic.com/images?q=tbn:ANd9GcQzTKjYGQ70Jj24ktYfNIlaR_VLdanoK6vczA&s'),
('2b48b516-530b-4e4e-a652-decef41ff217', 'Rocky', 'Serigala', 'Kanada', '2016-10-05', 'Sehat', 'Arctic', 'https://media.istockphoto.com/id/1357896182/photo/siberian-wolf-in-a-zoo-in-the-heart-of-its-enclosure.jpg?s=612x612&w=0&k=20&c=shf6-TCdqLudLsJqLxRH9lQqdG3bL203ugsSWehsfgc='),
('d2212242-d496-49a8-be2f-5996bd3a4b63', 'Charlie', 'Rusa', 'Amerika Utara', '2018-07-14', 'Sakit', 'Grasslands', 'https://encrypted-tbn0.gstatic.com/images?q=tbn:ANd9GcSGaGlgRcjvYZnpTduvHT84bKaN24lZWA2SYQ&s'),
('53e69e9d-c846-4ade-bdc8-b73b89e76854', 'Luna', 'Lynx Kanada', 'Kanada', '2019-09-10', 'Sehat', 'Tundra', 'https://encrypted-tbn0.gstatic.com/images?q=tbn:ANd9GcSzS1bSR1z7H81uyF_1gBrwkKxNBLHO2Tj7mg&s'),
('d5724d0a-66a2-4b6d-812b-6619ca5af691', 'Oscar', 'Penyu Hijau', 'Australia', '2015-03-18', 'Sehat', 'Coral Reef', 'https://encrypted-tbn0.gstatic.com/images?q=tbn:ANd9GcQBUEPP-rzi96cBl08WDQsf987QIT9vd8aHiQ&s'),
('8f1bb105-b1d9-4677-9177-718451f8c67c', 'Cleo', 'Sanca Kembang', 'Asia Tenggara', '2017-08-30', 'Sehat', 'Rainforest', 'https://media.istockphoto.com/id/1162501285/photo/a-snake-at-a-zoo-in-canberra-australia.jpg?s=612x612&w=0&k=20&c=iTCbYZuIYC6S3mV-5p5KbtlxJHAhev6ByA-Tq8-UQAw='),
('18a83ec4-c9f2-46cf-81fa-2247bf7b41f3', 'Max', 'Gajah Asia', 'India', '2014-12-25', 'Sakit', 'Grasslands', 'https://static.vecteezy.com/system/resources/previews/036/580/129/large_2x/asian-elephant-at-the-zoo-in-chiang-mai-in-northern-thailand-photo.jpg'),
('78b21279-9b30-4ce2-bff6-2a8d0ace91ff', 'Bella', 'Unta', 'Afrika', '2016-06-19', 'Sehat', 'Desert', 'https://media.istockphoto.com/id/1499793337/photo/its-a-camels-life.jpg?s=612x612&w=0&k=20&c=mQ20F5mjEt33TZjgIeQEtoCR3p36XrgWlsbtB71IYHE='),
('d82e601c-79b5-401f-bc90-048ccfcb3dab', 'Simba', 'Singa', 'Afrika', '2017-03-10', 'Sehat', 'Savanna', 'https://media.istockphoto.com/id/1286270203/photo/african-lion-sitting.jpg?s=612x612&w=0&k=20&c=8ULxT0Wm-Hys4DtZO1UQq0E6dFbpaOpjJ3TaOOGOKyU='),
('e295674a-2871-44fd-956b-7e655c3a78ba', 'Penny', 'Kanguru Abu-abu Besar', 'Australia', '2018-10-22', 'Sehat', 'Grasslands', 'https://thumbs.dreamstime.com/b/red-kangaroo-jumping-13197559.jpg'),
('1dca610f-84ac-48ea-8122-d40946ffb2e6', 'Chloe', 'Beruang Kutub', 'Arktik', '2015-02-15', 'Sakit', 'Arctic', 'https://media.istockphoto.com/id/1770969863/photo/funny-polar-bear-polar-bear-sitting-funny-pose.jpg?s=612x612&w=0&k=20&c=GvxsdwCxq7bujo-XSCr4aYKUnpqf0hMv4QSSqrftMWw='),
('130751ba-209d-4dee-93a0-5dd5d33a3001', 'Daisy', 'Panda Raksasa', 'Tiongkok', '2017-05-20', 'Sehat', 'Rainforest', 'https://media.istockphoto.com/id/175009379/photo/giant-panda-bear-eating-bamboo.jpg?s=612x612&w=0&k=20&c=EYUlXKzjxe23OSXHO9jlugQhH_VWtF1-2NUaOSXsijA='),
('38f437f0-4344-49ca-b69b-38a838894d19', 'Bailey', 'Alpaka', 'Amerika Selatan', '2016-12-12', 'Sehat', 'Grasslands', 'https://static.vecteezy.com/system/resources/previews/034/853/948/non_2x/llama-alpaca-in-the-zoo-fluffy-and-cute-animal-photo.JPG'),
('2a87c034-8594-4376-aaa2-6e769338f3d0', 'Oliver', 'Penguin Afrika', 'Afrika Selatan', '2020-01-09', 'Sehat', 'Wetlands', 'https://thumbs.dreamstime.com/b/african-penguins-zoo-france-african-penguins-zoo-france-355736094.jpg'),
('d608b3b5-5f02-4ba8-ad00-a79324ab65e4', 'Mochi', 'Penyu Sisik', 'Karibia', '2018-08-28', 'Luka Ringan', 'Coral Reef', 'https://encrypted-tbn0.gstatic.com/images?q=tbn:ANd9GcQ4t2GhF_2EvxFC_MaJF4wviucqXDv8s9YfEQ&s'),
('086c6b8b-0104-4501-84f4-cf1c264ebb23', 'Zoe', 'Rubah Artik', 'Arktik', '2019-02-02', 'Sehat', 'Arctic', 'https://images.pexels.com/photos/19427747/pexels-photo-19427747/free-photo-of-arctic-fox-lying-down-in-zoo.jpeg?auto=compress&cs=tinysrgb&w=1260&h=750&dpr=1'),
('a7a04d3f-332b-4aa5-b54f-f44dbeb6718e', 'Toby', 'Burung Unta', 'Afrika', '2015-04-07', 'Sehat', 'Savanna', 'https://images.pexels.com/photos/14598131/pexels-photo-14598131.jpeg?auto=compress&cs=tinysrgb&w=1260&h=750&dpr=1'),
('b665a7c2-2eea-4791-be84-28e0050f5c3d', 'Ruby', 'Flamingo Besar', 'Afrika', '2021-07-01', 'Sehat', 'Wetlands', 'https://encrypted-tbn0.gstatic.com/images?q=tbn:ANd9GcQBkzToVmdW4uMzk7NCext5QGYsGwojJKX_ZvnM0QLr6gpJSpqvBuGFJ7Kukxc96x98EgU&usqp=CAU'),
('5b8716b0-8652-4a6e-9743-e31bd9e484a6', 'Loki', 'Elang Botak', 'Amerika Utara', '2017-01-17', 'Sehat', 'Wetlands', 'https://www.beardsleyzoo.org/uploads/1/2/4/2/124214186/370_orig.jpg'),
('676e5eff-14e5-4abe-8aa7-57acc84ea47f', 'Mimi', 'Naga berjanggut', 'Australia', '2020-03-03', 'Sehat', 'Desert', 'https://media.istockphoto.com/id/1199672917/photo/bearded-agama.jpg?s=612x612&w=0&k=20&c=o_SZthZvgRHUiWBlkIxWdp0HUmuRfrbA5TQAqAVik38='),
('45666d55-c485-490d-9be6-ebeb58868aed', 'Archie', 'Walrus', 'Arktik', '2016-07-30', 'Sehat', 'Arctic', 'https://thumbs.dreamstime.com/b/walrus-water-26277260.jpg'),
('c36ae891-7a5d-4862-b493-076f1b771ed9', 'Ellie', 'Gajah Afrika', 'Afrika', '2014-11-11', 'Sakit', 'Savanna', 'https://media.istockphoto.com/id/1443169861/photo/large-elephant-outside-at-colchester-zoo.jpg?s=612x612&w=0&k=20&c=YrCpM9qS8grsYglzzonm9Foz76i7JANmIf9wrOIyQA8='),
('c40eddbb-8247-4e58-8bae-643003aa4c0d', 'Gizmo', 'Bunglon Yaman', 'Yaman', '2019-05-25', 'Sehat', 'Rainforest', 'https://encrypted-tbn0.gstatic.com/images?q=tbn:ANd9GcQCIfHiRVuUdcQP--EwEczxA5Nx0n44wAeOPw&s'),
('e37e5053-4e00-437c-84be-63422d8b530e', 'Sasha', 'Angsa Salju', 'Amerika Utara', '2020-09-09', 'Sehat', 'Wetlands', 'https://as2.ftcdn.net/v2/jpg/11/74/10/63/1000_F_1174106307_DcBj2MLTJqnhYLyO7ZwtvTg3JGYeEkaO.jpg'),
('35c4f257-fc44-4cbb-892a-d9027379fc8e', 'Theo', 'Koyote', 'Amerika Utara', '2017-12-05', 'Sehat', 'Grasslands', 'https://cdn.pixabay.com/photo/2018/09/18/10/48/coyote-3685832_1280.jpg'),
('8c6b9894-08f2-4e5c-89e1-8de3d4542ead', 'Trixie', 'Jerapah', 'Afrika', '2015-03-21', 'Sehat', 'Savanna', 'https://cdn.pixabay.com/photo/2017/07/03/19/01/giraffe-2468672_1280.jpg'),
('7a32e06a-51ca-404a-a2c1-6f9f913a2072', 'Finn', 'Penguin Adelie', 'Antarktika', '2018-01-30', 'Sehat', 'Arctic', 'https://thumb.photo-ac.com/24/24ba9c341adc8a6334e69865986338c2_t.jpeg'),
('8d488e3d-088e-4dae-bfec-d53380e5251b', 'Willow', 'Jaguar', 'Amerika Selatan', '2016-10-18', 'Sehat', 'Rainforest', 'https://cdn.pixabay.com/photo/2016/10/10/00/09/jaguar-1727406_640.jpg'),
('0480d664-949b-4da4-a784-1f298914c60f', 'Winston', 'Gajah Asia', 'Asia', '2014-09-14', 'Sehat', 'Grasslands', 'https://thumbs.dreamstime.com/b/elephant-enjoying-refreshing-water-miami-zoo-elephants-zoos-typically-suffer-shortened-life-expectancies-as-well-poor-342845212.jpg'),
('9ede3fc5-633a-4584-a091-b67da999d220', 'Hazel', 'Hyena Bergaris', 'Afrika', '2015-12-24', 'Sakit', 'Savanna', 'https://encrypted-tbn0.gstatic.com/images?q=tbn:ANd9GcTa0QfimlacGYpQxwGj2fLfo8Dl15AsNqDuzg&s'),
('b284f8a9-a876-43fa-a655-a8d8e4b34f2b', 'Pepper', 'Babun Zaitun', 'Afrika', '2018-04-03', 'Sehat', 'Grasslands', 'https://encrypted-tbn0.gstatic.com/images?q=tbn:ANd9GcTw5HM6opjwawIWv40vGjDNnBCTrSYZmB8hKg&s'),
('ebd0b023-21aa-468f-bea0-ca3f1cb52a58', 'Cody', 'Penyu Hijau', 'Pasifik', '2019-06-26', 'Luka Ringan', 'Coral Reef', 'https://st3.depositphotos.com/29384342/33661/i/450/depositphotos_336615226-stock-photo-sea-turtle-swims-pool-zoo.jpg'),
('b2829daa-a934-4217-ace5-b5fdc0888753', 'Ivy', 'Flamingo Amerika', 'Karibia', '2020-08-08', 'Sehat', 'Wetlands', 'https://i.ytimg.com/vi/HADlP5cdo4Y/hq720.jpg?sqp=-oaymwEhCK4FEIIDSFryq4qpAxMIARUAAAAAGAElAADIQj0AgKJD&rs=AOn4CLAp830NhcO6Mt94meYJ-UiSOG_EbA'),
('232c3e59-0c2f-459b-9a80-e6d54b55bc13', 'Hunter', 'Serigala', 'Kanada', '2017-07-07', 'Sehat', 'Tundra', 'https://encrypted-tbn0.gstatic.com/images?q=tbn:ANd9GcQXW21JYFTKdfWrPkHUau5XLqHHIG8UVzOHGQ&s'),
('c9342d93-678d-4419-abca-be4e79759bcc', 'Poppy', 'Gorilla', 'Afrika', '2015-11-30', 'Sehat', 'Rainforest', 'https://media.istockphoto.com/id/174372668/photo/gorilla.jpg?s=612x612&w=0&k=20&c=9j3QbAO3CfUC5kLOZeoxtxAnvrZ4Cgls_t4dTDxR9fg='),
('80e34a8b-84b5-4fe7-bb49-b3330320aa1f', 'Ollie', 'Vicugna', 'Amerika Selatan', '2016-05-05', 'Sehat', 'Grasslands', 'https://www.zoobrno.cz/wh/960-720/img/catalog/img/vicugna-vicugna.jpg');

INSERT INTO CATATAN_MEDIS (id_hewan, username_dh, tanggal_pemeriksaan, diagnosis, pengobatan, status_kesehatan, catatan_tindak_lanjut) VALUES
('6883e846-f894-40be-9282-30c29169e852', 'farhan.nur', '2025-04-01', 'Infeksi kulit', 'Salep antibiotik', 'Sedang', 'Periksa ulang 2 minggu lagi'),
('94fc7265-5f8f-434a-afa0-0c5d5599c21c', 'citra.melati', '2025-04-02', 'Cacingan', 'Obat cacing', 'Baik', 'Pantau berat badan 1 bulan'),
('64a42f19-f82e-4a72-ba6f-3d3ff0c5a3c0', 'dwi.ananda', '2025-04-05', 'Patah tulang', 'Operasi dan gips', 'Kritis', 'Rehabilitasi intensif'),
('6b031fd6-3c95-440e-b308-1f2996d4073c', 'eka.aditya', '2025-04-06', 'Radang paru-paru', 'Antibiotik oral', 'Sedang', 'Pemberian vitamin tambahan'),
('3272477b-4964-4d93-b80a-a3a1027699d7', 'fitri.nuraini', '2025-04-08', 'Mata infeksi', 'Tetes mata antibiotik', 'Baik', 'Kontrol 10 hari'),
('2b48b516-530b-4e4e-a652-decef41ff217', 'gilang.saputra', '2025-04-09', 'Kutu', 'Obat kutu semprot', 'Baik', 'Cek ulang infestasi 1 bulan'),
('d2212242-d496-49a8-be2f-5996bd3a4b63', 'hani.salsabila', '2025-04-11', 'Gigi busuk', 'Cabut gigi', 'Baik', 'Pantau nafsu makan'),
('53e69e9d-c846-4ade-bdc8-b73b89e76854', 'indri.fadilah', '2025-04-13', 'Luka robek', 'Jahit luka', 'Sedang', 'Kontrol luka 1 minggu'),
('d5724d0a-66a2-4b6d-812b-6619ca5af691', 'joko.maulana', '2025-04-14', 'Diare berat', 'Infus cairan', 'Kritis', 'Pantau 24 jam'),
('8f1bb105-b1d9-4677-9177-718451f8c67c', 'karina.putri', '2025-04-15', 'Anemia', 'Suplemen zat besi', 'Sedang', 'Tes darah 2 minggu');

INSERT INTO PAKAN (id_hewan, jadwal, jenis, jumlah, status) VALUES
('6883e846-f894-40be-9282-30c29169e852', '2025-04-01 08:00:00', 'Daging', 5, 'Selesai Diberikan'),
('94fc7265-5f8f-434a-afa0-0c5d5599c21c', '2025-04-01 09:00:00', 'Sayuran', 3, 'Diberikan'),
('64a42f19-f82e-4a72-ba6f-3d3ff0c5a3c0', '2025-04-01 10:00:00', 'Buah-buahan', 2, 'Menunggu Pemberian'),
('6b031fd6-3c95-440e-b308-1f2996d4073c', '2025-04-01 11:30:00', 'Pelet', 4, 'Selesai Diberikan'),
('3272477b-4964-4d93-b80a-a3a1027699d7', '2025-04-01 12:00:00', 'Ikan segar', 6, 'Selesai Diberikan');

INSERT INTO MEMBERI (id_hewan, jadwal, username_jh) VALUES
('6883e846-f894-40be-9282-30c29169e852', '2025-04-01 07:30:00', 'adi.susanto'),
('94fc7265-5f8f-434a-afa0-0c5d5599c21c', '2025-04-01 08:15:00', 'bima.prasetya'),
('64a42f19-f82e-4a72-ba6f-3d3ff0c5a3c0', '2025-04-01 09:00:00', 'cindy.maharani'),
('6b031fd6-3c95-440e-b308-1f2996d4073c', '2025-04-01 09:45:00', 'dwi.ramadhani'),
('3272477b-4964-4d93-b80a-a3a1027699d7', '2025-04-01 10:30:00', 'eka.nurhaliza'),
('2b48b516-530b-4e4e-a652-decef41ff217', '2025-04-01 11:00:00', 'farid.hakim'),
('d2212242-d496-49a8-be2f-5996bd3a4b63', '2025-04-01 11:45:00', 'gina.pratiwi'),
('53e69e9d-c846-4ade-bdc8-b73b89e76854', '2025-04-01 12:30:00', 'hari.kurniawan'),
('d5724d0a-66a2-4b6d-812b-6619ca5af691', '2025-04-01 13:15:00', 'indri.mahendra'),
('8f1bb105-b1d9-4677-9177-718451f8c67c', '2025-04-01 14:00:00', 'joko.anwar');

INSERT INTO FASILITAS(nama, jadwal, kapasitas_max) VALUES
('Arung Jeram', '2025-05-01 09:00:00', 50),
('Bianglala', '2025-05-02 14:00:00', 100),
('Roller Coaster', '2025-05-03 10:00:00', 20),
('Komedi Putar', '2025-05-04 11:00:00', 30),
('Kora-kora', '2025-05-05 13:00:00', 60),
('Atraksi Singa', '2025-05-06 10:00:00', 70),
('Pertunjukan Burung', '2025-05-07 16:00:00', 80),
('Kebun Binatang Mini', '2025-05-08 09:30:00', 40),
('Atraksi Gajah', '2025-05-09 11:00:00', 25),
('Pertunjukan Unta', '2025-05-10 14:30:00', 90),
('Sirkus Singa', '2025-05-11 15:00:00', 50),
('Atraksi Ular', '2025-05-12 12:00:00', 35),
('Kandang Kuda', '2025-05-13 10:30:00', 45);

INSERT INTO ATRAKSI(nama_atraksi, lokasi) VALUES
('Atraksi Singa', 'Zona Hutan'),
('Pertunjukan Burung', 'Blok A'),
('Kebun Binatang Mini', 'Taman Fauna'),
('Atraksi Gajah', 'Zona Gajah'),
('Pertunjukan Unta', 'Zona Timur'),
('Sirkus Singa', 'Panggung Sirkus'),
('Atraksi Ular', 'Zona Ular'),
('Kandang Kuda', 'Blok Kuda');

INSERT INTO JADWAL_PENUGASAN (username_lh, tgl_penugasan, nama_atraksi) VALUES
('amanda.putri',  '2025-05-01 07:00:00', 'Atraksi Singa'),
('bobby.maulana', '2025-05-01 08:00:00', 'Sirkus Singa'),
('citra.anindya', '2025-05-02 09:00:00', 'Pertunjukan Burung'),
('david.susanto', '2025-05-02 10:00:00', 'Kebun Binatang Mini'),
('eka.prasetya',  '2025-05-03 11:00:00', 'Atraksi Ular'),
('farah.amalia',  '2025-05-03 12:00:00', 'Atraksi Singa'),
('gilang.satriya','2025-05-04 13:00:00', 'Sirkus Singa'),
('hana.mabel','2025-05-04 14:00:00', 'Pertunjukan Unta'),
('indra.nugraha', '2025-05-05 15:00:00', 'Kebun Binatang Mini'),
('jessica.rahma', '2025-05-05 16:00:00', 'Atraksi Ular');

INSERT INTO BERPARTISIPASI(nama_fasilitas, id_hewan) VALUES
('Atraksi Singa', '6883e846-f894-40be-9282-30c29169e852'),
('Atraksi Singa', '94fc7265-5f8f-434a-afa0-0c5d5599c21c'),
('Pertunjukan Burung', '5b8716b0-8652-4a6e-9743-e31bd9e484a6'),
('Pertunjukan Burung', 'a7a04d3f-332b-4aa5-b54f-f44dbeb6718e'),
('Kebun Binatang Mini', '676e5eff-14e5-4abe-8aa7-57acc84ea47f'),
('Kebun Binatang Mini', 'e37e5053-4e00-437c-84be-63422d8b530e'),
('Atraksi Gajah', '18a83ec4-c9f2-46cf-81fa-2247bf7b41f3'),
('Atraksi Gajah', 'c36ae891-7a5d-4862-b493-076f1b771ed9'),
('Pertunjukan Unta', '78b21279-9b30-4ce2-bff6-2a8d0ace91ff'),
('Atraksi Ular', '8f1bb105-b1d9-4677-9177-718451f8c67c');

INSERT INTO JADWAL_PEMERIKSAAN_KESEHATAN(id_hewan, tgl_pemeriksaan_selanjutnya, freq_pemeriksaan_rutin) VALUES
('6883e846-f894-40be-9282-30c29169e852','2025-06-01',30),
('94fc7265-5f8f-434a-afa0-0c5d5599c21c','2025-06-02',60),
('64a42f19-f82e-4a72-ba6f-3d3ff0c5a3c0','2025-06-03',90),
('6b031fd6-3c95-440e-b308-1f2996d4073c','2025-06-04',30),
('3272477b-4964-4d93-b80a-a3a1027699d7','2025-06-05',45),
('2b48b516-530b-4e4e-a652-decef41ff217','2025-06-06',60),
('d2212242-d496-49a8-be2f-5996bd3a4b63','2025-06-07',90),
('53e69e9d-c846-4ade-bdc8-b73b89e76854','2025-06-08',30),
('d5724d0a-66a2-4b6d-812b-6619ca5af691','2025-06-09',60),
('8f1bb105-b1d9-4677-9177-718451f8c67c','2025-06-10',45);

INSERT INTO WAHANA (nama_wahana, peraturan) VALUES
('Arung Jeram', 'Pengunjung wajib mengenakan pelampung dan mengikuti instruksi pemandu saat melakukan arung jeram.'),
('Bianglala', 'Pengunjung harus duduk dengan aman di kursi dan mematuhi batas tinggi badan yang ditentukan.'),
('Roller Coaster', 'Pengunjung harus duduk dengan aman, mengenakan pengaman, dan mengikuti instruksi operator sebelum naik roller coaster.'),
('Komedi Putar', 'Dilarang membawa barang tajam dan pengunjung wajib duduk di tempat yang telah disediakan.'),
('Kora-kora', 'Pengunjung harus mematuhi petunjuk keselamatan dan tidak diperbolehkan berdiri selama wahana bergerak.');

INSERT INTO ADOPTER (username_adopter, id_adopter, total_kontribusi) VALUES
('andi.saputra', '3fa85f64-5717-4562-b3fc-2c963f66afa6', 250000),
('citra.adinda', '7a9e69bc-0d6a-4eb9-9a02-0a6d9fbdf5e7', 450000),
('budi.putra', 'ab3a7c6d-55b7-4f4e-8f57-13bcaf0c5bfa', 300000),
('eka.fadhilah', 'e5c2b9ee-914d-41c1-b2d8-70aafff3aab1', 520000),
('gina.salsabila', 'd07d7f26-2b1d-4765-9c8f-5d1a32faef4d', 700000),
('hadi.wijaya', 'fa1058d2-3bc5-49a9-8727-93ff3b705f4f', 120000),
('indah.cahyani', '01b3f2cf-48d7-4e1a-b7c2-4cc3d097d7a7', 340000),
('joko.ahmadi', '629203ac-1377-40bb-9aa7-61b8f03ea1fc', 800000),
('kiki.rahmawati', 'a0f5e89b-cb6e-4979-bb4f-276bb30b1bdf', 600000),
('linda.ayuningtyas', '8939ad53-04d7-45b9-9a5d-7f7d0d3a00db', 750000),
('mario.baskoro', 'c192d08f-07d6-41b6-99fb-cc373a2d53d7', 900000),
('nina.roslina', 'ae4ec1a3-5d16-4ed5-8f5d-d1c3b1ee9ef8', 210000),
('opri.kusuma', '52ab5b59-7c1a-4f89-96dc-0938ad5b3af3', 130000),
('putri.anindya', '52784968-dde0-4de1-b1c2-870a73c81f5b', 430000),
('qori.amalia', 'aa7b4e50-bb1c-4bb4-9401-67f5a0a6f716', 540000),
('raka.maulana', '2fd2d6f1-1fc6-426b-bf4b-93b4e47f3e9a', 350000),
('sari.febriana', '589f41b8-3d02-48aa-9dfd-91a1b54f50d0', 670000),
('taufik.nugroho', '3479a08f-dab2-45d2-8850-c90f1b64c775', 820000),
('udin.susilo', '7a73d1c7-fec9-4f5e-83e9-dcf2529a52fb', 590000),
('vivi.rosdiana', '128db08e-b6d8-41c0-9b0c-8824d2e5c0d3', 410000);

INSERT INTO INDIVIDU (nik, nama, id_adopter) VALUES
('3201101509012345', 'Andi Saputra', '3fa85f64-5717-4562-b3fc-2c963f66afa6'),
('3201022104025678', 'Citra Adinda', '7a9e69bc-0d6a-4eb9-9a02-0a6d9fbdf5e7'),
('3201053006013456', 'Budi Putra', 'ab3a7c6d-55b7-4f4e-8f57-13bcaf0c5bfa'),
('3201091502956789', 'Eka Fadhilah', 'e5c2b9ee-914d-41c1-b2d8-70aafff3aab1'),
('3201041208941234', 'Gina Salsabila', 'd07d7f26-2b1d-4765-9c8f-5d1a32faef4d'),
('3201081806909876', 'Hadi Wijaya', 'fa1058d2-3bc5-49a9-8727-93ff3b705f4f'),
('3201062301984567', 'Indah Cahyani', '01b3f2cf-48d7-4e1a-b7c2-4cc3d097d7a7'),
('3201031407856543', 'Joko Ahmadi', '629203ac-1377-40bb-9aa7-61b8f03ea1fc'),
('3201072803874321', 'Kiki Rahmawati', 'a0f5e89b-cb6e-4979-bb4f-276bb30b1bdf'),
('3201011809898765', 'Linda Ayuningtyas', '8939ad53-04d7-45b9-9a5d-7f7d0d3a00db');

INSERT INTO ORGANISASI (npp, nama_organisasi, id_adopter) VALUES
('93052718', 'Sahabat Satwa Nusantara', 'c192d08f-07d6-41b6-99fb-cc373a2d53d7'),
('48291563', 'Lembaga Pelestari Alam', 'ae4ec1a3-5d16-4ed5-8f5d-d1c3b1ee9ef8'),
('71935084', 'Komunitas Hijau Indonesia', '52ab5b59-7c1a-4f89-96dc-0938ad5b3af3'),
('25367190', 'Yayasan Cinta Satwa', '52784968-dde0-4de1-b1c2-870a73c81f5b'),
('64182705', 'Organisasi Penjaga Hutan', 'aa7b4e50-bb1c-4bb4-9401-67f5a0a6f716'),
('30751842', 'Forum Penyelamat Lingkungan', '2fd2d6f1-1fc6-426b-bf4b-93b4e47f3e9a'),
('86520941', 'Komunitas Pecinta Satwa', '589f41b8-3d02-48aa-9dfd-91a1b54f50d0'),
('19478325', 'Lembaga Hijau Nusantara', '3479a08f-dab2-45d2-8850-c90f1b64c775'),
('57692013', 'Yayasan Perlindungan Hewan', '7a73d1c7-fec9-4f5e-83e9-dcf2529a52fb'),
('31849762', 'Pelindung Flora Fauna', '128db08e-b6d8-41c0-9b0c-8824d2e5c0d3');

INSERT INTO ADOPSI (id_adopter, id_hewan, status_pembayaran, tgl_mulai_adopsi, tgl_berhenti_adopsi, kontribusi_finansial) VALUES
('3fa85f64-5717-4562-b3fc-2c963f66afa6', '6883e846-f894-40be-9282-30c29169e852', 'lunas', '2024-01-01', '2024-04-01', 250000),
('7a9e69bc-0d6a-4eb9-9a02-0a6d9fbdf5e7', '94fc7265-5f8f-434a-afa0-0c5d5599c21c', 'tertunda', '2024-02-15', '2024-08-15', 450000),
('ab3a7c6d-55b7-4f4e-8f57-13bcaf0c5bfa', '64a42f19-f82e-4a72-ba6f-3d3ff0c5a3c0', 'lunas', '2024-03-20', '2025-03-20', 300000),
('e5c2b9ee-914d-41c1-b2d8-70aafff3aab1', '6b031fd6-3c95-440e-b308-1f2996d4073c', 'tertunda', '2024-04-05', '2024-10-05', 520000),
('d07d7f26-2b1d-4765-9c8f-5d1a32faef4d', '3272477b-4964-4d93-b80a-a3a1027699d7', 'lunas', '2024-05-10', '2025-05-10', 700000),
('fa1058d2-3bc5-49a9-8727-93ff3b705f4f', '2b48b516-530b-4e4e-a652-decef41ff217', 'tertunda', '2024-06-15', '2024-12-15', 120000),
('01b3f2cf-48d7-4e1a-b7c2-4cc3d097d7a7', 'd2212242-d496-49a8-be2f-5996bd3a4b63', 'lunas', '2024-07-01', '2025-07-01', 340000),
('629203ac-1377-40bb-9aa7-61b8f03ea1fc', '53e69e9d-c846-4ade-bdc8-b73b89e76854', 'tertunda', '2024-08-10', '2025-02-10', 800000),
('a0f5e89b-cb6e-4979-bb4f-276bb30b1bdf', 'd5724d0a-66a2-4b6d-812b-6619ca5af691', 'lunas', '2024-09-12', '2025-09-12', 600000),
('8939ad53-04d7-45b9-9a5d-7f7d0d3a00db', '8f1bb105-b1d9-4677-9177-718451f8c67c', 'tertunda', '2024-10-05', '2025-04-05', 750000),
('c192d08f-07d6-41b6-99fb-cc373a2d53d7', '18a83ec4-c9f2-46cf-81fa-2247bf7b41f3', 'lunas', '2024-11-20', '2025-11-20', 900000),
('ae4ec1a3-5d16-4ed5-8f5d-d1c3b1ee9ef8', '78b21279-9b30-4ce2-bff6-2a8d0ace91ff', 'tertunda', '2024-12-01', '2025-06-01', 210000),
('52ab5b59-7c1a-4f89-96dc-0938ad5b3af3', 'd82e601c-79b5-401f-bc90-048ccfcb3dab', 'lunas', '2025-01-14', '2025-07-14', 130000),
('52784968-dde0-4de1-b1c2-870a73c81f5b', 'e295674a-2871-44fd-956b-7e655c3a78ba', 'tertunda', '2025-02-10', '2025-08-10', 430000),
('aa7b4e50-bb1c-4bb4-9401-67f5a0a6f716', '38f437f0-4344-49ca-b69b-38a838894d19', 'lunas', '2025-03-25', '2026-03-25', 540000),
('2fd2d6f1-1fc6-426b-bf4b-93b4e47f3e9a', '2a87c034-8594-4376-aaa2-6e769338f3d0', 'tertunda', '2025-04-15', '2025-10-15', 350000),
('589f41b8-3d02-48aa-9dfd-91a1b54f50d0', '64a42f19-f82e-4a72-ba6f-3d3ff0c5a3c0', 'lunas', '2025-05-20', '2026-05-20', 670000),
('3479a08f-dab2-45d2-8850-c90f1b64c775', '6b031fd6-3c95-440e-b308-1f2996d4073c', 'tertunda', '2025-06-05', '2025-12-05', 820000),
('7a73d1c7-fec9-4f5e-83e9-dcf2529a52fb', '3272477b-4964-4d93-b80a-a3a1027699d7', 'lunas', '2025-07-10', '2025-12-10', 590000),
('128db08e-b6d8-41c0-9b0c-8824d2e5c0d3', '2b48b516-530b-4e4e-a652-decef41ff217', 'tertunda', '2025-08-20', '2026-02-20', 410000),
('3fa85f64-5717-4562-b3fc-2c963f66afa6', 'd608b3b5-5f02-4ba8-ad00-a79324ab65e4', 'lunas', '2025-09-01', '2026-03-01', 220000),
('7a9e69bc-0d6a-4eb9-9a02-0a6d9fbdf5e7', '086c6b8b-0104-4501-84f4-cf1c264ebb23', 'tertunda', '2025-09-05', '2026-03-05', 180000),
('ab3a7c6d-55b7-4f4e-8f57-13bcaf0c5bfa', 'a7a04d3f-332b-4aa5-b54f-f44dbeb6718e', 'lunas', '2025-09-10', '2026-09-10', 250000),
('e5c2b9ee-914d-41c1-b2d8-70aafff3aab1', 'b665a7c2-2eea-4791-be84-28e0050f5c3d', 'tertunda', '2025-09-15', '2026-03-15', 190000),
('d07d7f26-2b1d-4765-9c8f-5d1a32faef4d', '5b8716b0-8652-4a6e-9743-e31bd9e484a6', 'lunas', '2025-09-20', '2026-09-20', 280000),
('fa1058d2-3bc5-49a9-8727-93ff3b705f4f', '676e5eff-14e5-4abe-8aa7-57acc84ea47f', 'tertunda', '2025-09-25', '2026-03-25', 210000),
('01b3f2cf-48d7-4e1a-b7c2-4cc3d097d7a7', '45666d55-c485-490d-9be6-ebeb58868aed', 'lunas', '2025-10-01', '2026-04-01', 260000),
('629203ac-1377-40bb-9aa7-61b8f03ea1fc', 'c36ae891-7a5d-4862-b493-076f1b771ed9', 'tertunda', '2025-10-05', '2026-04-05', 230000),
('a0f5e89b-cb6e-4979-bb4f-276bb30b1bdf', 'c40eddbb-8247-4e58-8bae-643003aa4c0d', 'lunas', '2025-10-10', '2026-04-10', 270000),
('8939ad53-04d7-45b9-9a5d-7f7d0d3a00db', 'e37e5053-4e00-437c-84be-63422d8b530e', 'tertunda', '2025-10-15', '2026-04-15', 240000);